<?xml version="1.1" encoding="UTF-8"?>

<project i18n.job.generated.documetation="Generated documentation" i18n.job.project.name="Project Name" i18n.job.generated.date="GENERATION DATE" i18n.job.author="AUTHOR" i18n.job.summary="Summary" i18n.job.project.description="Project Description" i18n.job.job.description="Description" i18n.job.job.preview.picture="Preview Picture" i18n.job.job.setting="Settings" i18n.job.context.list="Context List" i18n.job.component.list="Component List" i18n.job.components.description="Components Description" i18n.job.source.code="Source Code" i18n.job.properties="Properties" i18n.job.values="Values" i18n.job.name="Name" i18n.job.language="Language" i18n.job.description="Description" i18n.job.author.min="Author" i18n.job.version="Version" i18n.job.purpose="Purpose" i18n.job.status="Status" i18n.job.creation="Creation" i18n.job.modification="Modification" i18n.job.extract.settings="Extra settings" i18n.job.value="Value" i18n.job.stats.logs="Status &amp; Logs" i18n.job.context="Context" i18n.job.promt="Prompt" i18n.job.need.promt="Need Prompt?" i18n.job.type="Type" i18n.job.source="Source" i18n.job.component.name="Component Name" i18n.job.component.type="Component Type" i18n.job.component="Component" i18n.job.unique.name="UNIQUE NAME" i18n.job.input="INPUT(S)" i18n.job.label="LABEL" i18n.job.output="OUTPUT(S)" i18n.job.component.parameters="Component Parameters:" i18n.job.schema.for="Schema for " i18n.job.column="Column" i18n.job.key="Key" i18n.job.length="Length" i18n.job.precision="Precision" i18n.job.nullable="Nullable" i18n.job.comment="Comment" i18n.job.original.function.parameters="Original Function Parameters:" i18n.job.ended="ended" i18n.job.content="content" i18n.route.manifest.type="Type" i18n.route.manifest.value="Value" i18n.route.resource.name="Name" i18n.route.resource.version="Version" i18n.route.resource.path="Path" name="DATA_OPS" logo="pictures/logo.jpg" title="Generated by Talend Open Studio for Big Data" link="http://www.talend.com" language="java" generatedDate="02/05/2021 16:06:04" versionName="Talend Open Studio VERSION " version="7.3.1.20200219_1130" docType="Jobs" company="">
  <pro-description><![CDATA[]]></pro-description>
  <job name="HAR" author="user@talend.com" i18n.job.extract.settings.type="i18n.job.extract.settings" i18n.job.stats.logs.type="i18n.job.stats.logs" version="0.1" purpose="" status="" creation="01/05/2021 17:12:36" modification="02/05/2021 15:59:17">
    <description><![CDATA[Camada Harmonized<br/>]]></description>
    <preview picture="pictures/HAR_0.1.png"/>
    <contextList>
      <context name="Default"/>
    </contextList>
    <jobSetting>
      <extra>
        <jobParameter name="COMP_DEFAULT_FILE_DIR" value=""/>
        <jobParameter name="Multi thread execution" value="false"/>
        <jobParameter name="Implicit tContextLoad" value="false"/>
      </extra>
      <Statslogs>
        <jobParameter name="Use statistics (tStatCatcher)" value="false"/>
        <jobParameter name="Use logs (tLogCatcher)" value="false"/>
        <jobParameter name="Use volumetrics (tFlowMeterCatcher)" value="false"/>
        <jobParameter name="On Console" value="false"/>
        <jobParameter name="On Files" value="false"/>
        <jobParameter name="On Databases" value="false"/>
        <jobParameter name="Catch components statistics" value="false"/>
        <jobParameter name="Catch runtime errors" value="true"/>
        <jobParameter name="Catch user errors" value="true"/>
        <jobParameter name="Catch user warnings" value="true"/>
      </Statslogs>
    </jobSetting>
    <componentList>
      <componentItem name="tFileInputDelimited_1" link="tFileInputDelimited_1" type="tFileInputDelimited" leftTopX="64" leftTopY="64" rightBottomX="96" rightBottomY="96"/>
      <componentItem name="tFileInputDelimited_2" link="tFileInputDelimited_2" type="tFileInputDelimited" leftTopX="64" leftTopY="192" rightBottomX="96" rightBottomY="224"/>
      <componentItem name="tFileInputDelimited_3" link="tFileInputDelimited_3" type="tFileInputDelimited" leftTopX="96" leftTopY="320" rightBottomX="128" rightBottomY="352"/>
      <componentItem name="tFileInputDelimited_4" link="tFileInputDelimited_4" type="tFileInputDelimited" leftTopX="96" leftTopY="448" rightBottomX="128" rightBottomY="480"/>
      <componentItem name="tFileInputDelimited_5" link="tFileInputDelimited_5" type="tFileInputDelimited" leftTopX="416" leftTopY="64" rightBottomX="448" rightBottomY="96"/>
      <componentItem name="tFileInputDelimited_6" link="tFileInputDelimited_6" type="tFileInputDelimited" leftTopX="416" leftTopY="192" rightBottomX="448" rightBottomY="224"/>
      <componentItem name="tFileInputDelimited_7" link="tFileInputDelimited_7" type="tFileInputDelimited" leftTopX="448" leftTopY="352" rightBottomX="480" rightBottomY="384"/>
      <componentItem name="tFileOutputDelimited_1" link="tFileOutputDelimited_1" type="tFileOutputDelimited" leftTopX="288" leftTopY="64" rightBottomX="320" rightBottomY="96"/>
      <componentItem name="tFileOutputDelimited_2" link="tFileOutputDelimited_2" type="tFileOutputDelimited" leftTopX="288" leftTopY="192" rightBottomX="320" rightBottomY="224"/>
      <componentItem name="tFileOutputDelimited_3" link="tFileOutputDelimited_3" type="tFileOutputDelimited" leftTopX="288" leftTopY="320" rightBottomX="320" rightBottomY="352"/>
      <componentItem name="tFileOutputDelimited_4" link="tFileOutputDelimited_4" type="tFileOutputDelimited" leftTopX="256" leftTopY="448" rightBottomX="288" rightBottomY="480"/>
      <componentItem name="tFileOutputDelimited_5" link="tFileOutputDelimited_5" type="tFileOutputDelimited" leftTopX="640" leftTopY="64" rightBottomX="672" rightBottomY="96"/>
      <componentItem name="tFileOutputDelimited_6" link="tFileOutputDelimited_6" type="tFileOutputDelimited" leftTopX="640" leftTopY="192" rightBottomX="672" rightBottomY="224"/>
      <componentItem name="tFileOutputDelimited_7" link="tFileOutputDelimited_7" type="tFileOutputDelimited" leftTopX="832" leftTopY="320" rightBottomX="864" rightBottomY="352"/>
      <componentItem name="tFilterColumns_1" link="tFilterColumns_1" type="tFilterColumns" leftTopX="544" leftTopY="64" rightBottomX="576" rightBottomY="96"/>
      <componentItem name="tFilterColumns_2" link="tFilterColumns_2" type="tFilterColumns" leftTopX="640" leftTopY="320" rightBottomX="672" rightBottomY="352"/>
    </componentList>
    <internalNodeComponents>
      <component icon="pictures/tFileInputDelimited_1.png" uniqueName="tFileInputDelimited_1" label="FF_CUSTOMER">
        <input>none</input>
        <output link="tFileOutputDelimited_1">tFileOutputDelimited_1</output>
        <componentType>tFileInputDelimited</componentType>
        <parameters>
          <column name="Unique Name" value="tFileInputDelimited_1"/>
          <column name="Component Name" value="tFileInputDelimited"/>
          <column name="Version" value="0.102 (ALPHA)"/>
          <column name="Family" value="File/Input"/>
          <column name="Start" value="true"/>
          <column name="Startable" value="true"/>
          <column name="SUBTREE_START" value="true"/>
          <column name="END_OF_FLOW" value="false"/>
          <column name="Activate" value="true"/>
          <column name="DUMMY" value="false"/>
          <column name="tStatCatcher Statistics" value="false"/>
          <column name="Help" value="org.talend.help.tFileInputDelimited"/>
          <column name="Update components" value="true"/>
          <column name="IREPORT_PATH" value=""/>
          <column name="JAVA_LIBRARY_PATH" value="D:\11ABD\Leandro Mendes\TOS_BD-20200219_1130-V7.3.1\configuration\lib\java"/>
          <column name="Subjob color" value=""/>
          <column name="Title color" value=""/>
          <column name="Property Type" value="repository: DELIM:CLIENTE"/>
          <column name="REPOSITORY_ALLOW_AUTO_SWITCH" value="true"/>
          <column name="Schema" value="repository: DELIM:CLIENTE - metadata"/>
          <column name="File name/Stream" value="&quot;D:/DATA_OPS_PROJETO/RAW/FF_CUSTOMER.CSV&quot;"/>
          <column name="CSV options" value="true"/>
          <column name="Row Separator" value="&quot;\n&quot;"/>
          <column name="CSV Row Separator" value="&quot;\n&quot;"/>
          <column name="Field Separator" value="&quot;;&quot;"/>
          <column name="Escape char" value="&quot;&quot;&quot;"/>
          <column name="Text enclosure" value="&quot;&quot;&quot;"/>
          <column name="Header" value="1"/>
          <column name="Footer" value="0"/>
          <column name="Limit" value=""/>
          <column name="Skip empty rows" value="false"/>
          <column name="Uncompress as zip file" value="false"/>
          <column name="Die on error" value="false"/>
          <column name="Schema" value="repository: DELIM:CLIENTE - metadata"/>
          <column name="Temporary directory" value="&quot;D:/programas/talend/TOS_BD-20200219_1130-V7.3.1/workspace&quot;"/>
          <column name="Advanced separator (for numbers)" value="false"/>
          <column name="Thousands separator" value="&quot;,&quot;"/>
          <column name="Decimal separator" value="&quot;.&quot;"/>
          <column name="Extract lines at random" value="false"/>
          <column name="Number of lines" value="10"/>
          <column name="Trim all columns" value="false"/>
          <column name="Check column to trim" value="[{SCHEMA_COLUMN=CustomerID, TRIM=false}, {SCHEMA_COLUMN=Title, TRIM=false}, {SCHEMA_COLUMN=Suffix, TRIM=false}, {SCHEMA_COLUMN=CompanyName, TRIM=false}, {SCHEMA_COLUMN=SalesPerson, TRIM=false}, {SCHEMA_COLUMN=EmailAddress, TRIM=false}, {SCHEMA_COLUMN=PasswordHash, TRIM=false}, {SCHEMA_COLUMN=PasswordSalt, TRIM=false}, {SCHEMA_COLUMN=rowguid, TRIM=false}, {SCHEMA_COLUMN=ModifiedDate, TRIM=false}]"/>
          <column name="Check each row structure against schema" value="false"/>
          <column name="Check date" value="false"/>
          <column name="Encoding" value="&quot;UTF-8&quot;"/>
          <column name="Split row before field" value="false"/>
          <column name="Permit hexadecimal (0xNNN) or octal (0NNNN) for numeric types (clear the check box to read Byte type as octal and hexadecimal numbers by default)" value="false"/>
          <column name="Decode table" value="[{SCHEMA_COLUMN=CustomerID, DECODE=false}, {SCHEMA_COLUMN=Title, DECODE=false}, {SCHEMA_COLUMN=Suffix, DECODE=false}, {SCHEMA_COLUMN=CompanyName, DECODE=false}, {SCHEMA_COLUMN=SalesPerson, DECODE=false}, {SCHEMA_COLUMN=EmailAddress, DECODE=false}, {SCHEMA_COLUMN=PasswordHash, DECODE=false}, {SCHEMA_COLUMN=PasswordSalt, DECODE=false}, {SCHEMA_COLUMN=rowguid, DECODE=false}, {SCHEMA_COLUMN=ModifiedDate, DECODE=false}]"/>
          <column name="Destination" value=""/>
          <column name="Min column number of optimize code" value="100"/>
          <column name="Label format" value="FF_CUSTOMER"/>
          <column name="Hint format" value="&lt;b&gt;__UNIQUE_NAME__&lt;/b&gt;&lt;br&gt;__COMMENT__"/>
          <column name="Connection format" value="row"/>
          <column name="Show Information" value="false"/>
          <column name="Comment" value=""/>
          <column name="Use an existing validation rule" value="false"/>
          <column name="Validation Rule Type" value=""/>
        </parameters>
        <schemas>
          <schema name="metadata">
            <column name="CustomerID" key="false" type="Integer" length="2" precision="" nullable="true" comment=""/>
            <column name="Title" key="false" type="String" length="3" precision="" nullable="true" comment=""/>
            <column name="Suffix" key="false" type="String" length="3" precision="" nullable="true" comment=""/>
            <column name="CompanyName" key="false" type="String" length="34" precision="" nullable="true" comment=""/>
            <column name="SalesPerson" key="false" type="String" length="24" precision="" nullable="true" comment=""/>
            <column name="EmailAddress" key="false" type="String" length="32" precision="" nullable="true" comment=""/>
            <column name="PasswordHash" key="false" type="String" length="44" precision="" nullable="true" comment=""/>
            <column name="PasswordSalt" key="false" type="String" length="8" precision="" nullable="true" comment=""/>
            <column name="rowguid" key="false" type="String" length="36" precision="" nullable="true" comment=""/>
            <column name="ModifiedDate" key="false" type="java.util.Date" length="10" precision="" nullable="true" comment=""/>
          </schema>
        </schemas>
      </component>
      <component icon="pictures/tFileInputDelimited_2.png" uniqueName="tFileInputDelimited_2" label="FF_PRODUCTS">
        <input>none</input>
        <output link="tFileOutputDelimited_2">tFileOutputDelimited_2</output>
        <componentType>tFileInputDelimited</componentType>
        <parameters>
          <column name="Unique Name" value="tFileInputDelimited_2"/>
          <column name="Component Name" value="tFileInputDelimited"/>
          <column name="Version" value="0.102 (ALPHA)"/>
          <column name="Family" value="File/Input"/>
          <column name="Start" value="true"/>
          <column name="Startable" value="true"/>
          <column name="SUBTREE_START" value="true"/>
          <column name="END_OF_FLOW" value="false"/>
          <column name="Activate" value="true"/>
          <column name="DUMMY" value="false"/>
          <column name="tStatCatcher Statistics" value="false"/>
          <column name="Help" value="org.talend.help.tFileInputDelimited"/>
          <column name="Update components" value="true"/>
          <column name="IREPORT_PATH" value=""/>
          <column name="JAVA_LIBRARY_PATH" value="D:\11ABD\Leandro Mendes\TOS_BD-20200219_1130-V7.3.1\configuration\lib\java"/>
          <column name="Subjob color" value=""/>
          <column name="Title color" value=""/>
          <column name="Property Type" value="repository: DELIM:PRODUTOS"/>
          <column name="REPOSITORY_ALLOW_AUTO_SWITCH" value="true"/>
          <column name="Schema" value="Built-In"/>
          <column name="File name/Stream" value="&quot;D:/DATA_OPS_PROJETO/RAW/FF_PRODUCT.CSV&quot;"/>
          <column name="CSV options" value="false"/>
          <column name="Row Separator" value="&quot;\n&quot;"/>
          <column name="CSV Row Separator" value="&quot;\n&quot;"/>
          <column name="Field Separator" value="&quot;;&quot;"/>
          <column name="Escape char" value="&quot;&quot;&quot;"/>
          <column name="Text enclosure" value="&quot;&quot;&quot;"/>
          <column name="Header" value="1"/>
          <column name="Footer" value="0"/>
          <column name="Limit" value=""/>
          <column name="Skip empty rows" value="false"/>
          <column name="Uncompress as zip file" value="false"/>
          <column name="Die on error" value="false"/>
          <column name="Schema" value="Built-In"/>
          <column name="Temporary directory" value="&quot;D:/programas/talend/TOS_BD-20200219_1130-V7.3.1/workspace&quot;"/>
          <column name="Advanced separator (for numbers)" value="false"/>
          <column name="Thousands separator" value="&quot;,&quot;"/>
          <column name="Decimal separator" value="&quot;.&quot;"/>
          <column name="Extract lines at random" value="false"/>
          <column name="Number of lines" value="10"/>
          <column name="Trim all columns" value="false"/>
          <column name="Check column to trim" value="[{SCHEMA_COLUMN=ProductID, TRIM=false}, {SCHEMA_COLUMN=Name, TRIM=false}, {SCHEMA_COLUMN=ProductNumber, TRIM=false}, {SCHEMA_COLUMN=Color, TRIM=false}, {SCHEMA_COLUMN=StandardCost, TRIM=false}, {SCHEMA_COLUMN=ListPrice, TRIM=false}, {SCHEMA_COLUMN=Size, TRIM=false}, {SCHEMA_COLUMN=Weight, TRIM=false}, {SCHEMA_COLUMN=ProductCategoryID, TRIM=false}, {SCHEMA_COLUMN=ProductModelID, TRIM=false}, {SCHEMA_COLUMN=SellStartDate, TRIM=false}, {SCHEMA_COLUMN=SellEndDate, TRIM=false}, {SCHEMA_COLUMN=DiscontinuedDate, TRIM=false}, {SCHEMA_COLUMN=ThumbNailPhoto, TRIM=false}, {SCHEMA_COLUMN=ThumbnailPhotoFileName, TRIM=false}, {SCHEMA_COLUMN=rowguid, TRIM=false}, {SCHEMA_COLUMN=ModifiedDate, TRIM=false}]"/>
          <column name="Check each row structure against schema" value="false"/>
          <column name="Check date" value="false"/>
          <column name="Encoding" value="&quot;US-ASCII&quot;"/>
          <column name="Split row before field" value="false"/>
          <column name="Permit hexadecimal (0xNNN) or octal (0NNNN) for numeric types (clear the check box to read Byte type as octal and hexadecimal numbers by default)" value="false"/>
          <column name="Decode table" value="[{SCHEMA_COLUMN=ProductID, DECODE=false}, {SCHEMA_COLUMN=Name, DECODE=false}, {SCHEMA_COLUMN=ProductNumber, DECODE=false}, {SCHEMA_COLUMN=Color, DECODE=false}, {SCHEMA_COLUMN=StandardCost, DECODE=false}, {SCHEMA_COLUMN=ListPrice, DECODE=false}, {SCHEMA_COLUMN=Size, DECODE=false}, {SCHEMA_COLUMN=Weight, DECODE=false}, {SCHEMA_COLUMN=ProductCategoryID, DECODE=false}, {SCHEMA_COLUMN=ProductModelID, DECODE=false}, {SCHEMA_COLUMN=SellStartDate, DECODE=false}, {SCHEMA_COLUMN=SellEndDate, DECODE=false}, {SCHEMA_COLUMN=DiscontinuedDate, DECODE=false}, {SCHEMA_COLUMN=ThumbNailPhoto, DECODE=false}, {SCHEMA_COLUMN=ThumbnailPhotoFileName, DECODE=false}, {SCHEMA_COLUMN=rowguid, DECODE=false}, {SCHEMA_COLUMN=ModifiedDate, DECODE=false}]"/>
          <column name="Destination" value=""/>
          <column name="Min column number of optimize code" value="100"/>
          <column name="Label format" value="FF_PRODUCTS"/>
          <column name="Hint format" value="&lt;b&gt;__UNIQUE_NAME__&lt;/b&gt;&lt;br&gt;__COMMENT__"/>
          <column name="Connection format" value="row"/>
          <column name="Show Information" value="false"/>
          <column name="Comment" value=""/>
          <column name="Use an existing validation rule" value="false"/>
          <column name="Validation Rule Type" value=""/>
        </parameters>
        <schemas>
          <schema name="metadata">
            <column name="ProductID" key="false" type="Integer" length="3" precision="" nullable="true" comment=""/>
            <column name="Name" key="false" type="String" length="30" precision="" nullable="true" comment=""/>
            <column name="ProductNumber" key="false" type="String" length="10" precision="" nullable="true" comment=""/>
            <column name="Color" key="false" type="String" length="6" precision="" nullable="true" comment=""/>
            <column name="StandardCost" key="false" type="Float" length="9" precision="5" nullable="true" comment=""/>
            <column name="ListPrice" key="false" type="Float" length="9" precision="5" nullable="true" comment=""/>
            <column name="Size" key="false" type="String" length="2" precision="" nullable="true" comment=""/>
            <column name="Weight" key="false" type="String" length="7" precision="" nullable="true" comment=""/>
            <column name="ProductCategoryID" key="false" type="Integer" length="2" precision="" nullable="true" comment=""/>
            <column name="ProductModelID" key="false" type="Integer" length="2" precision="" nullable="true" comment=""/>
            <column name="SellStartDate" key="false" type="String" length="28" precision="" nullable="true" comment=""/>
            <column name="SellEndDate" key="false" type="String" length="28" precision="" nullable="true" comment=""/>
            <column name="DiscontinuedDate" key="false" type="String" length="" precision="" nullable="true" comment=""/>
            <column name="ThumbNailPhoto" key="false" type="String" length="43" precision="" nullable="true" comment=""/>
            <column name="ThumbnailPhotoFileName" key="false" type="String" length="28" precision="" nullable="true" comment=""/>
            <column name="rowguid" key="false" type="String" length="36" precision="" nullable="true" comment=""/>
            <column name="ModifiedDate" key="false" type="String" length="28" precision="" nullable="true" comment=""/>
          </schema>
        </schemas>
      </component>
      <component icon="pictures/tFileInputDelimited_3.png" uniqueName="tFileInputDelimited_3" label="FF_SALES_ORDER_HEADER">
        <input>none</input>
        <output link="tFileOutputDelimited_3">tFileOutputDelimited_3</output>
        <componentType>tFileInputDelimited</componentType>
        <parameters>
          <column name="Unique Name" value="tFileInputDelimited_3"/>
          <column name="Component Name" value="tFileInputDelimited"/>
          <column name="Version" value="0.102 (ALPHA)"/>
          <column name="Family" value="File/Input"/>
          <column name="Start" value="true"/>
          <column name="Startable" value="true"/>
          <column name="SUBTREE_START" value="true"/>
          <column name="END_OF_FLOW" value="false"/>
          <column name="Activate" value="true"/>
          <column name="DUMMY" value="false"/>
          <column name="tStatCatcher Statistics" value="false"/>
          <column name="Help" value="org.talend.help.tFileInputDelimited"/>
          <column name="Update components" value="true"/>
          <column name="IREPORT_PATH" value=""/>
          <column name="JAVA_LIBRARY_PATH" value="D:\11ABD\Leandro Mendes\TOS_BD-20200219_1130-V7.3.1\configuration\lib\java"/>
          <column name="Subjob color" value=""/>
          <column name="Title color" value=""/>
          <column name="Property Type" value="repository: DELIM:VENDAS"/>
          <column name="REPOSITORY_ALLOW_AUTO_SWITCH" value="true"/>
          <column name="Schema" value="Built-In"/>
          <column name="File name/Stream" value="&quot;D:/DATA_OPS_PROJETO/RAW/FF_SALES_ORDER_HEADER.CSV&quot;"/>
          <column name="CSV options" value="true"/>
          <column name="Row Separator" value="&quot;\n&quot;"/>
          <column name="CSV Row Separator" value="&quot;\n&quot;"/>
          <column name="Field Separator" value="&quot;;&quot;"/>
          <column name="Escape char" value="&quot;&quot;&quot;"/>
          <column name="Text enclosure" value="&quot;&quot;&quot;"/>
          <column name="Header" value="1"/>
          <column name="Footer" value="0"/>
          <column name="Limit" value=""/>
          <column name="Skip empty rows" value="false"/>
          <column name="Uncompress as zip file" value="false"/>
          <column name="Die on error" value="false"/>
          <column name="Schema" value="repository: DELIM:VENDAS - VENDAS"/>
          <column name="Temporary directory" value="&quot;D:/programas/talend/TOS_BD-20200219_1130-V7.3.1/workspace&quot;"/>
          <column name="Advanced separator (for numbers)" value="false"/>
          <column name="Thousands separator" value="&quot;,&quot;"/>
          <column name="Decimal separator" value="&quot;.&quot;"/>
          <column name="Extract lines at random" value="false"/>
          <column name="Number of lines" value="10"/>
          <column name="Trim all columns" value="false"/>
          <column name="Check column to trim" value="[{SCHEMA_COLUMN=SalesOrderID, TRIM=false}, {SCHEMA_COLUMN=RevisionNumber, TRIM=false}, {SCHEMA_COLUMN=OrderDate, TRIM=false}, {SCHEMA_COLUMN=DueDate, TRIM=false}, {SCHEMA_COLUMN=OnlineOrderFlag, TRIM=false}, {SCHEMA_COLUMN=ShipDate, TRIM=false}, {SCHEMA_COLUMN=Status, TRIM=false}, {SCHEMA_COLUMN=SalesOrderNumber, TRIM=false}, {SCHEMA_COLUMN=CustomerID, TRIM=false}, {SCHEMA_COLUMN=ShipToAddressID, TRIM=false}, {SCHEMA_COLUMN=BillToAddressID, TRIM=false}, {SCHEMA_COLUMN=ShipMethod, TRIM=false}, {SCHEMA_COLUMN=CreditCardApprovalCode, TRIM=false}, {SCHEMA_COLUMN=SubTotal, TRIM=false}, {SCHEMA_COLUMN=TaxAmt, TRIM=false}, {SCHEMA_COLUMN=Freight, TRIM=false}, {SCHEMA_COLUMN=TotalDue, TRIM=false}, {SCHEMA_COLUMN=Comment, TRIM=false}, {SCHEMA_COLUMN=rowguid, TRIM=false}, {SCHEMA_COLUMN=ModifiedDate, TRIM=false}]"/>
          <column name="Check each row structure against schema" value="false"/>
          <column name="Check date" value="false"/>
          <column name="Encoding" value="&quot;US-ASCII&quot;"/>
          <column name="Split row before field" value="false"/>
          <column name="Permit hexadecimal (0xNNN) or octal (0NNNN) for numeric types (clear the check box to read Byte type as octal and hexadecimal numbers by default)" value="false"/>
          <column name="Decode table" value="[{SCHEMA_COLUMN=SalesOrderID, DECODE=false}, {SCHEMA_COLUMN=RevisionNumber, DECODE=false}, {SCHEMA_COLUMN=OrderDate, DECODE=false}, {SCHEMA_COLUMN=DueDate, DECODE=false}, {SCHEMA_COLUMN=OnlineOrderFlag, DECODE=false}, {SCHEMA_COLUMN=ShipDate, DECODE=false}, {SCHEMA_COLUMN=Status, DECODE=false}, {SCHEMA_COLUMN=SalesOrderNumber, DECODE=false}, {SCHEMA_COLUMN=CustomerID, DECODE=false}, {SCHEMA_COLUMN=ShipToAddressID, DECODE=false}, {SCHEMA_COLUMN=BillToAddressID, DECODE=false}, {SCHEMA_COLUMN=ShipMethod, DECODE=false}, {SCHEMA_COLUMN=CreditCardApprovalCode, DECODE=false}, {SCHEMA_COLUMN=SubTotal, DECODE=false}, {SCHEMA_COLUMN=TaxAmt, DECODE=false}, {SCHEMA_COLUMN=Freight, DECODE=false}, {SCHEMA_COLUMN=TotalDue, DECODE=false}, {SCHEMA_COLUMN=Comment, DECODE=false}, {SCHEMA_COLUMN=rowguid, DECODE=false}, {SCHEMA_COLUMN=ModifiedDate, DECODE=false}]"/>
          <column name="Destination" value=""/>
          <column name="Min column number of optimize code" value="100"/>
          <column name="Label format" value="FF_SALES_ORDER_HEADER"/>
          <column name="Hint format" value="&lt;b&gt;__UNIQUE_NAME__&lt;/b&gt;&lt;br&gt;__COMMENT__"/>
          <column name="Connection format" value="row"/>
          <column name="Show Information" value="false"/>
          <column name="Comment" value=""/>
          <column name="Use an existing validation rule" value="false"/>
          <column name="Validation Rule Type" value=""/>
        </parameters>
        <schemas>
          <schema name="VENDAS">
            <column name="SalesOrderID" key="false" type="Integer" length="5" precision="" nullable="true" comment=""/>
            <column name="RevisionNumber" key="false" type="Integer" length="1" precision="" nullable="true" comment=""/>
            <column name="OrderDate" key="false" type="java.util.Date" length="28" precision="" nullable="true" comment=""/>
            <column name="DueDate" key="false" type="String" length="28" precision="" nullable="true" comment=""/>
            <column name="OnlineOrderFlag" key="false" type="Boolean" length="5" precision="" nullable="true" comment=""/>
            <column name="ShipDate" key="false" type="String" length="28" precision="" nullable="true" comment=""/>
            <column name="Status" key="false" type="Integer" length="1" precision="" nullable="true" comment=""/>
            <column name="SalesOrderNumber" key="false" type="String" length="7" precision="" nullable="true" comment=""/>
            <column name="CustomerID" key="false" type="Integer" length="5" precision="" nullable="true" comment=""/>
            <column name="ShipToAddressID" key="false" type="Integer" length="4" precision="" nullable="true" comment=""/>
            <column name="BillToAddressID" key="false" type="Integer" length="4" precision="" nullable="true" comment=""/>
            <column name="ShipMethod" key="false" type="String" length="17" precision="" nullable="true" comment=""/>
            <column name="CreditCardApprovalCode" key="false" type="String" length="" precision="" nullable="true" comment=""/>
            <column name="SubTotal" key="false" type="Float" length="11" precision="9" nullable="true" comment=""/>
            <column name="TaxAmt" key="false" type="Float" length="9" precision="8" nullable="true" comment=""/>
            <column name="Freight" key="false" type="Float" length="9" precision="8" nullable="true" comment=""/>
            <column name="TotalDue" key="false" type="Float" length="11" precision="9" nullable="true" comment=""/>
            <column name="Comment" key="false" type="String" length="" precision="" nullable="true" comment=""/>
            <column name="rowguid" key="false" type="String" length="36" precision="" nullable="true" comment=""/>
            <column name="ModifiedDate" key="false" type="String" length="28" precision="" nullable="true" comment=""/>
          </schema>
        </schemas>
      </component>
      <component icon="pictures/tFileInputDelimited_4.png" uniqueName="tFileInputDelimited_4" label="FF_SALES_ORDER_DETAIL">
        <input>none</input>
        <output link="tFileOutputDelimited_4">tFileOutputDelimited_4</output>
        <componentType>tFileInputDelimited</componentType>
        <parameters>
          <column name="Unique Name" value="tFileInputDelimited_4"/>
          <column name="Component Name" value="tFileInputDelimited"/>
          <column name="Version" value="0.102 (ALPHA)"/>
          <column name="Family" value="File/Input"/>
          <column name="Start" value="true"/>
          <column name="Startable" value="true"/>
          <column name="SUBTREE_START" value="true"/>
          <column name="END_OF_FLOW" value="false"/>
          <column name="Activate" value="true"/>
          <column name="DUMMY" value="false"/>
          <column name="tStatCatcher Statistics" value="false"/>
          <column name="Help" value="org.talend.help.tFileInputDelimited"/>
          <column name="Update components" value="true"/>
          <column name="IREPORT_PATH" value=""/>
          <column name="JAVA_LIBRARY_PATH" value="D:\11ABD\Leandro Mendes\TOS_BD-20200219_1130-V7.3.1\configuration\lib\java"/>
          <column name="Subjob color" value=""/>
          <column name="Title color" value=""/>
          <column name="Property Type" value="repository: DELIM:VENDAS_DETALHE"/>
          <column name="REPOSITORY_ALLOW_AUTO_SWITCH" value="true"/>
          <column name="Schema" value="repository: DELIM:VENDAS_DETALHE - metadata"/>
          <column name="File name/Stream" value="&quot;D:/DATA_OPS_PROJETO/RAW/FF_SALES_ORDER_DETAIL.CSV&quot;"/>
          <column name="CSV options" value="false"/>
          <column name="Row Separator" value="&quot;\n&quot;"/>
          <column name="CSV Row Separator" value="&quot;\n&quot;"/>
          <column name="Field Separator" value="&quot;;&quot;"/>
          <column name="Escape char" value="&quot;&quot;&quot;"/>
          <column name="Text enclosure" value="&quot;&quot;&quot;"/>
          <column name="Header" value="1"/>
          <column name="Footer" value="0"/>
          <column name="Limit" value=""/>
          <column name="Skip empty rows" value="false"/>
          <column name="Uncompress as zip file" value="false"/>
          <column name="Die on error" value="false"/>
          <column name="Schema" value="repository: DELIM:VENDAS_DETALHE - metadata"/>
          <column name="Temporary directory" value="&quot;D:/programas/talend/TOS_BD-20200219_1130-V7.3.1/workspace&quot;"/>
          <column name="Advanced separator (for numbers)" value="false"/>
          <column name="Thousands separator" value="&quot;,&quot;"/>
          <column name="Decimal separator" value="&quot;.&quot;"/>
          <column name="Extract lines at random" value="false"/>
          <column name="Number of lines" value="10"/>
          <column name="Trim all columns" value="false"/>
          <column name="Check column to trim" value="[{SCHEMA_COLUMN=SalesOrderID, TRIM=false}, {SCHEMA_COLUMN=SalesOrderDetailID, TRIM=false}, {SCHEMA_COLUMN=OrderQty, TRIM=false}, {SCHEMA_COLUMN=ProductID, TRIM=false}, {SCHEMA_COLUMN=UnitPrice, TRIM=false}, {SCHEMA_COLUMN=UnitPriceDiscount, TRIM=false}, {SCHEMA_COLUMN=LineTotal, TRIM=false}, {SCHEMA_COLUMN=rowguid, TRIM=false}, {SCHEMA_COLUMN=ModifiedDate, TRIM=false}]"/>
          <column name="Check each row structure against schema" value="false"/>
          <column name="Check date" value="false"/>
          <column name="Encoding" value="&quot;US-ASCII&quot;"/>
          <column name="Split row before field" value="false"/>
          <column name="Permit hexadecimal (0xNNN) or octal (0NNNN) for numeric types (clear the check box to read Byte type as octal and hexadecimal numbers by default)" value="false"/>
          <column name="Decode table" value="[{SCHEMA_COLUMN=SalesOrderID, DECODE=false}, {SCHEMA_COLUMN=SalesOrderDetailID, DECODE=false}, {SCHEMA_COLUMN=OrderQty, DECODE=false}, {SCHEMA_COLUMN=ProductID, DECODE=false}, {SCHEMA_COLUMN=UnitPrice, DECODE=false}, {SCHEMA_COLUMN=UnitPriceDiscount, DECODE=false}, {SCHEMA_COLUMN=LineTotal, DECODE=false}, {SCHEMA_COLUMN=rowguid, DECODE=false}, {SCHEMA_COLUMN=ModifiedDate, DECODE=false}]"/>
          <column name="Destination" value=""/>
          <column name="Min column number of optimize code" value="100"/>
          <column name="Label format" value="FF_SALES_ORDER_DETAIL"/>
          <column name="Hint format" value="&lt;b&gt;__UNIQUE_NAME__&lt;/b&gt;&lt;br&gt;__COMMENT__"/>
          <column name="Connection format" value="row"/>
          <column name="Show Information" value="false"/>
          <column name="Comment" value=""/>
          <column name="Use an existing validation rule" value="false"/>
          <column name="Validation Rule Type" value=""/>
        </parameters>
        <schemas>
          <schema name="metadata">
            <column name="SalesOrderID" key="false" type="Integer" length="5" precision="" nullable="true" comment=""/>
            <column name="SalesOrderDetailID" key="false" type="Integer" length="6" precision="" nullable="true" comment=""/>
            <column name="OrderQty" key="false" type="Integer" length="2" precision="" nullable="true" comment=""/>
            <column name="ProductID" key="false" type="Integer" length="3" precision="" nullable="true" comment=""/>
            <column name="UnitPrice" key="false" type="Float" length="9" precision="5" nullable="true" comment=""/>
            <column name="UnitPriceDiscount" key="false" type="Float" length="6" precision="5" nullable="true" comment=""/>
            <column name="LineTotal" key="false" type="Float" length="11" precision="7" nullable="true" comment=""/>
            <column name="rowguid" key="false" type="String" length="36" precision="" nullable="true" comment=""/>
            <column name="ModifiedDate" key="false" type="java.util.Date" length="10" precision="" nullable="true" comment=""/>
          </schema>
        </schemas>
      </component>
      <component icon="pictures/tFileInputDelimited_5.png" uniqueName="tFileInputDelimited_5" label="FF_CUSTOMER">
        <input>none</input>
        <output link="tFilterColumns_1">tFilterColumns_1</output>
        <componentType>tFileInputDelimited</componentType>
        <parameters>
          <column name="Unique Name" value="tFileInputDelimited_5"/>
          <column name="Component Name" value="tFileInputDelimited"/>
          <column name="Version" value="0.102 (ALPHA)"/>
          <column name="Family" value="File/Input"/>
          <column name="Start" value="true"/>
          <column name="Startable" value="true"/>
          <column name="SUBTREE_START" value="true"/>
          <column name="END_OF_FLOW" value="false"/>
          <column name="Activate" value="true"/>
          <column name="DUMMY" value="false"/>
          <column name="tStatCatcher Statistics" value="false"/>
          <column name="Help" value="org.talend.help.tFileInputDelimited"/>
          <column name="Update components" value="true"/>
          <column name="IREPORT_PATH" value=""/>
          <column name="JAVA_LIBRARY_PATH" value="D:\11ABD\Leandro Mendes\TOS_BD-20200219_1130-V7.3.1\configuration\lib\java"/>
          <column name="Subjob color" value=""/>
          <column name="Title color" value=""/>
          <column name="Property Type" value="repository: DELIM:CLIENTE"/>
          <column name="REPOSITORY_ALLOW_AUTO_SWITCH" value="true"/>
          <column name="Schema" value="repository: DELIM:CLIENTE - metadata"/>
          <column name="File name/Stream" value="&quot;D:/DATA_OPS_PROJETO/RAW/FF_CUSTOMER.CSV&quot;"/>
          <column name="CSV options" value="true"/>
          <column name="Row Separator" value="&quot;\n&quot;"/>
          <column name="CSV Row Separator" value="&quot;\n&quot;"/>
          <column name="Field Separator" value="&quot;;&quot;"/>
          <column name="Escape char" value="&quot;&quot;&quot;"/>
          <column name="Text enclosure" value="&quot;&quot;&quot;"/>
          <column name="Header" value="1"/>
          <column name="Footer" value="0"/>
          <column name="Limit" value=""/>
          <column name="Skip empty rows" value="false"/>
          <column name="Uncompress as zip file" value="false"/>
          <column name="Die on error" value="false"/>
          <column name="Schema" value="repository: DELIM:CLIENTE - metadata"/>
          <column name="Temporary directory" value="&quot;D:/programas/talend/TOS_BD-20200219_1130-V7.3.1/workspace&quot;"/>
          <column name="Advanced separator (for numbers)" value="false"/>
          <column name="Thousands separator" value="&quot;,&quot;"/>
          <column name="Decimal separator" value="&quot;.&quot;"/>
          <column name="Extract lines at random" value="false"/>
          <column name="Number of lines" value="10"/>
          <column name="Trim all columns" value="false"/>
          <column name="Check column to trim" value="[{SCHEMA_COLUMN=CustomerID, TRIM=false}, {SCHEMA_COLUMN=Title, TRIM=false}, {SCHEMA_COLUMN=Suffix, TRIM=false}, {SCHEMA_COLUMN=CompanyName, TRIM=false}, {SCHEMA_COLUMN=SalesPerson, TRIM=false}, {SCHEMA_COLUMN=EmailAddress, TRIM=false}, {SCHEMA_COLUMN=PasswordHash, TRIM=false}, {SCHEMA_COLUMN=PasswordSalt, TRIM=false}, {SCHEMA_COLUMN=rowguid, TRIM=false}, {SCHEMA_COLUMN=ModifiedDate, TRIM=false}]"/>
          <column name="Check each row structure against schema" value="false"/>
          <column name="Check date" value="false"/>
          <column name="Encoding" value="&quot;UTF-8&quot;"/>
          <column name="Split row before field" value="false"/>
          <column name="Permit hexadecimal (0xNNN) or octal (0NNNN) for numeric types (clear the check box to read Byte type as octal and hexadecimal numbers by default)" value="false"/>
          <column name="Decode table" value="[{SCHEMA_COLUMN=CustomerID, DECODE=false}, {SCHEMA_COLUMN=Title, DECODE=false}, {SCHEMA_COLUMN=Suffix, DECODE=false}, {SCHEMA_COLUMN=CompanyName, DECODE=false}, {SCHEMA_COLUMN=SalesPerson, DECODE=false}, {SCHEMA_COLUMN=EmailAddress, DECODE=false}, {SCHEMA_COLUMN=PasswordHash, DECODE=false}, {SCHEMA_COLUMN=PasswordSalt, DECODE=false}, {SCHEMA_COLUMN=rowguid, DECODE=false}, {SCHEMA_COLUMN=ModifiedDate, DECODE=false}]"/>
          <column name="Destination" value=""/>
          <column name="Min column number of optimize code" value="100"/>
          <column name="Label format" value="FF_CUSTOMER"/>
          <column name="Hint format" value="&lt;b&gt;__UNIQUE_NAME__&lt;/b&gt;&lt;br&gt;__COMMENT__"/>
          <column name="Connection format" value="row"/>
          <column name="Show Information" value="false"/>
          <column name="Comment" value=""/>
          <column name="Use an existing validation rule" value="false"/>
          <column name="Validation Rule Type" value=""/>
        </parameters>
        <schemas>
          <schema name="metadata">
            <column name="CustomerID" key="false" type="Integer" length="2" precision="" nullable="true" comment=""/>
            <column name="Title" key="false" type="String" length="3" precision="" nullable="true" comment=""/>
            <column name="Suffix" key="false" type="String" length="3" precision="" nullable="true" comment=""/>
            <column name="CompanyName" key="false" type="String" length="34" precision="" nullable="true" comment=""/>
            <column name="SalesPerson" key="false" type="String" length="24" precision="" nullable="true" comment=""/>
            <column name="EmailAddress" key="false" type="String" length="32" precision="" nullable="true" comment=""/>
            <column name="PasswordHash" key="false" type="String" length="44" precision="" nullable="true" comment=""/>
            <column name="PasswordSalt" key="false" type="String" length="8" precision="" nullable="true" comment=""/>
            <column name="rowguid" key="false" type="String" length="36" precision="" nullable="true" comment=""/>
            <column name="ModifiedDate" key="false" type="java.util.Date" length="10" precision="" nullable="true" comment=""/>
          </schema>
        </schemas>
      </component>
      <component icon="pictures/tFileInputDelimited_6.png" uniqueName="tFileInputDelimited_6" label="FF_ADDRESS">
        <input>none</input>
        <output link="tFileOutputDelimited_6">tFileOutputDelimited_6</output>
        <componentType>tFileInputDelimited</componentType>
        <parameters>
          <column name="Unique Name" value="tFileInputDelimited_6"/>
          <column name="Component Name" value="tFileInputDelimited"/>
          <column name="Version" value="0.102 (ALPHA)"/>
          <column name="Family" value="File/Input"/>
          <column name="Start" value="true"/>
          <column name="Startable" value="true"/>
          <column name="SUBTREE_START" value="true"/>
          <column name="END_OF_FLOW" value="false"/>
          <column name="Activate" value="true"/>
          <column name="DUMMY" value="false"/>
          <column name="tStatCatcher Statistics" value="false"/>
          <column name="Help" value="org.talend.help.tFileInputDelimited"/>
          <column name="Update components" value="true"/>
          <column name="IREPORT_PATH" value=""/>
          <column name="JAVA_LIBRARY_PATH" value="D:\11ABD\Leandro Mendes\TOS_BD-20200219_1130-V7.3.1\configuration\lib\java"/>
          <column name="Subjob color" value=""/>
          <column name="Title color" value=""/>
          <column name="Property Type" value="repository: DELIM:STG_ENDERECO"/>
          <column name="REPOSITORY_ALLOW_AUTO_SWITCH" value="true"/>
          <column name="Schema" value="repository: DELIM:STG_ENDERECO - metadata"/>
          <column name="File name/Stream" value="&quot;D:/DATA_OPS_PROJETO/RAW/FF_ADDRESS.CSV&quot;"/>
          <column name="CSV options" value="true"/>
          <column name="Row Separator" value="&quot;\n&quot;"/>
          <column name="CSV Row Separator" value="&quot;\n&quot;"/>
          <column name="Field Separator" value="&quot;;&quot;"/>
          <column name="Escape char" value="&quot;&quot;&quot;"/>
          <column name="Text enclosure" value="&quot;&quot;&quot;"/>
          <column name="Header" value="1"/>
          <column name="Footer" value="0"/>
          <column name="Limit" value=""/>
          <column name="Skip empty rows" value="false"/>
          <column name="Uncompress as zip file" value="false"/>
          <column name="Die on error" value="false"/>
          <column name="Schema" value="repository: DELIM:STG_ENDERECO - metadata"/>
          <column name="Temporary directory" value="&quot;D:/programas/talend/TOS_BD-20200219_1130-V7.3.1/workspace&quot;"/>
          <column name="Advanced separator (for numbers)" value="false"/>
          <column name="Thousands separator" value="&quot;,&quot;"/>
          <column name="Decimal separator" value="&quot;.&quot;"/>
          <column name="Extract lines at random" value="false"/>
          <column name="Number of lines" value="10"/>
          <column name="Trim all columns" value="false"/>
          <column name="Check column to trim" value="[{SCHEMA_COLUMN=AddressID, TRIM=false}, {SCHEMA_COLUMN=AddressLine1, TRIM=false}, {SCHEMA_COLUMN=AddressLine2, TRIM=false}, {SCHEMA_COLUMN=City, TRIM=false}, {SCHEMA_COLUMN=PostalCode, TRIM=false}, {SCHEMA_COLUMN=CountryRegion, TRIM=false}, {SCHEMA_COLUMN=rowguid, TRIM=false}, {SCHEMA_COLUMN=ModifiedDate, TRIM=false}]"/>
          <column name="Check each row structure against schema" value="false"/>
          <column name="Check date" value="false"/>
          <column name="Encoding" value="&quot;US-ASCII&quot;"/>
          <column name="Split row before field" value="false"/>
          <column name="Permit hexadecimal (0xNNN) or octal (0NNNN) for numeric types (clear the check box to read Byte type as octal and hexadecimal numbers by default)" value="false"/>
          <column name="Decode table" value="[{SCHEMA_COLUMN=AddressID, DECODE=false}, {SCHEMA_COLUMN=AddressLine1, DECODE=false}, {SCHEMA_COLUMN=AddressLine2, DECODE=false}, {SCHEMA_COLUMN=City, DECODE=false}, {SCHEMA_COLUMN=PostalCode, DECODE=false}, {SCHEMA_COLUMN=CountryRegion, DECODE=false}, {SCHEMA_COLUMN=rowguid, DECODE=false}, {SCHEMA_COLUMN=ModifiedDate, DECODE=false}]"/>
          <column name="Destination" value=""/>
          <column name="Min column number of optimize code" value="100"/>
          <column name="Label format" value="FF_ADDRESS"/>
          <column name="Hint format" value="&lt;b&gt;__UNIQUE_NAME__&lt;/b&gt;&lt;br&gt;__COMMENT__"/>
          <column name="Connection format" value="row"/>
          <column name="Show Information" value="false"/>
          <column name="Comment" value=""/>
          <column name="Use an existing validation rule" value="false"/>
          <column name="Validation Rule Type" value=""/>
        </parameters>
        <schemas>
          <schema name="metadata">
            <column name="AddressID" key="false" type="Integer" length="3" precision="" nullable="true" comment=""/>
            <column name="AddressLine1" key="false" type="String" length="32" precision="" nullable="true" comment=""/>
            <column name="AddressLine2" key="false" type="String" length="" precision="" nullable="true" comment=""/>
            <column name="City" key="false" type="String" length="11" precision="" nullable="true" comment=""/>
            <column name="PostalCode" key="false" type="String" length="7" precision="" nullable="true" comment=""/>
            <column name="CountryRegion" key="false" type="String" length="13" precision="" nullable="true" comment=""/>
            <column name="rowguid" key="false" type="String" length="36" precision="" nullable="true" comment=""/>
            <column name="ModifiedDate" key="false" type="String" length="29" precision="" nullable="true" comment=""/>
          </schema>
        </schemas>
      </component>
      <component icon="pictures/tFileInputDelimited_7.png" uniqueName="tFileInputDelimited_7" label="FF_CLIENTE">
        <input>none</input>
        <output link="tFilterColumns_2">tFilterColumns_2</output>
        <componentType>tFileInputDelimited</componentType>
        <parameters>
          <column name="Unique Name" value="tFileInputDelimited_7"/>
          <column name="Component Name" value="tFileInputDelimited"/>
          <column name="Version" value="0.102 (ALPHA)"/>
          <column name="Family" value="File/Input"/>
          <column name="Start" value="true"/>
          <column name="Startable" value="true"/>
          <column name="SUBTREE_START" value="true"/>
          <column name="END_OF_FLOW" value="false"/>
          <column name="Activate" value="true"/>
          <column name="DUMMY" value="false"/>
          <column name="tStatCatcher Statistics" value="false"/>
          <column name="Help" value="org.talend.help.tFileInputDelimited"/>
          <column name="Update components" value="true"/>
          <column name="IREPORT_PATH" value=""/>
          <column name="JAVA_LIBRARY_PATH" value="D:\11ABD\Leandro Mendes\TOS_BD-20200219_1130-V7.3.1\configuration\lib\java"/>
          <column name="Subjob color" value=""/>
          <column name="Title color" value=""/>
          <column name="Property Type" value="repository: DELIM:CLIENTE"/>
          <column name="REPOSITORY_ALLOW_AUTO_SWITCH" value="true"/>
          <column name="Schema" value="repository: DELIM:CLIENTE - metadata"/>
          <column name="File name/Stream" value="&quot;D:/DATA_OPS_PROJETO/RAW/FF_CUSTOMER.CSV&quot;"/>
          <column name="CSV options" value="true"/>
          <column name="Row Separator" value="&quot;\n&quot;"/>
          <column name="CSV Row Separator" value="&quot;\n&quot;"/>
          <column name="Field Separator" value="&quot;;&quot;"/>
          <column name="Escape char" value="&quot;&quot;&quot;"/>
          <column name="Text enclosure" value="&quot;&quot;&quot;"/>
          <column name="Header" value="1"/>
          <column name="Footer" value="0"/>
          <column name="Limit" value=""/>
          <column name="Skip empty rows" value="false"/>
          <column name="Uncompress as zip file" value="false"/>
          <column name="Die on error" value="false"/>
          <column name="Schema" value="repository: DELIM:CLIENTE - metadata"/>
          <column name="Temporary directory" value="&quot;D:/programas/talend/TOS_BD-20200219_1130-V7.3.1/workspace&quot;"/>
          <column name="Advanced separator (for numbers)" value="false"/>
          <column name="Thousands separator" value="&quot;,&quot;"/>
          <column name="Decimal separator" value="&quot;.&quot;"/>
          <column name="Extract lines at random" value="false"/>
          <column name="Number of lines" value="10"/>
          <column name="Trim all columns" value="false"/>
          <column name="Check column to trim" value="[{SCHEMA_COLUMN=CustomerID, TRIM=false}, {SCHEMA_COLUMN=Title, TRIM=false}, {SCHEMA_COLUMN=Suffix, TRIM=false}, {SCHEMA_COLUMN=CompanyName, TRIM=false}, {SCHEMA_COLUMN=SalesPerson, TRIM=false}, {SCHEMA_COLUMN=EmailAddress, TRIM=false}, {SCHEMA_COLUMN=PasswordHash, TRIM=false}, {SCHEMA_COLUMN=PasswordSalt, TRIM=false}, {SCHEMA_COLUMN=rowguid, TRIM=false}, {SCHEMA_COLUMN=ModifiedDate, TRIM=false}]"/>
          <column name="Check each row structure against schema" value="false"/>
          <column name="Check date" value="false"/>
          <column name="Encoding" value="&quot;UTF-8&quot;"/>
          <column name="Split row before field" value="false"/>
          <column name="Permit hexadecimal (0xNNN) or octal (0NNNN) for numeric types (clear the check box to read Byte type as octal and hexadecimal numbers by default)" value="false"/>
          <column name="Decode table" value="[{SCHEMA_COLUMN=CustomerID, DECODE=false}, {SCHEMA_COLUMN=Title, DECODE=false}, {SCHEMA_COLUMN=Suffix, DECODE=false}, {SCHEMA_COLUMN=CompanyName, DECODE=false}, {SCHEMA_COLUMN=SalesPerson, DECODE=false}, {SCHEMA_COLUMN=EmailAddress, DECODE=false}, {SCHEMA_COLUMN=PasswordHash, DECODE=false}, {SCHEMA_COLUMN=PasswordSalt, DECODE=false}, {SCHEMA_COLUMN=rowguid, DECODE=false}, {SCHEMA_COLUMN=ModifiedDate, DECODE=false}]"/>
          <column name="Destination" value=""/>
          <column name="Min column number of optimize code" value="100"/>
          <column name="Label format" value="FF_CLIENTE"/>
          <column name="Hint format" value="&lt;b&gt;__UNIQUE_NAME__&lt;/b&gt;&lt;br&gt;__COMMENT__"/>
          <column name="Connection format" value="row"/>
          <column name="Show Information" value="false"/>
          <column name="Comment" value=""/>
          <column name="Use an existing validation rule" value="false"/>
          <column name="Validation Rule Type" value=""/>
        </parameters>
        <schemas>
          <schema name="metadata">
            <column name="CustomerID" key="false" type="Integer" length="2" precision="" nullable="true" comment=""/>
            <column name="Title" key="false" type="String" length="3" precision="" nullable="true" comment=""/>
            <column name="Suffix" key="false" type="String" length="3" precision="" nullable="true" comment=""/>
            <column name="CompanyName" key="false" type="String" length="34" precision="" nullable="true" comment=""/>
            <column name="SalesPerson" key="false" type="String" length="24" precision="" nullable="true" comment=""/>
            <column name="EmailAddress" key="false" type="String" length="32" precision="" nullable="true" comment=""/>
            <column name="PasswordHash" key="false" type="String" length="44" precision="" nullable="true" comment=""/>
            <column name="PasswordSalt" key="false" type="String" length="8" precision="" nullable="true" comment=""/>
            <column name="rowguid" key="false" type="String" length="36" precision="" nullable="true" comment=""/>
            <column name="ModifiedDate" key="false" type="java.util.Date" length="10" precision="" nullable="true" comment=""/>
          </schema>
        </schemas>
      </component>
      <component icon="pictures/tFileOutputDelimited_1.png" uniqueName="tFileOutputDelimited_1" label="STG_CLIENTES">
        <input link="tFileInputDelimited_1">tFileInputDelimited_1</input>
        <output>none</output>
        <componentType>tFileOutputDelimited</componentType>
        <parameters>
          <column name="Unique Name" value="tFileOutputDelimited_1"/>
          <column name="Component Name" value="tFileOutputDelimited"/>
          <column name="Version" value="0.101 (ALPHA)"/>
          <column name="Family" value="File/Output"/>
          <column name="Startable" value="false"/>
          <column name="SUBTREE_START" value="false"/>
          <column name="END_OF_FLOW" value="true"/>
          <column name="Activate" value="true"/>
          <column name="DUMMY" value="false"/>
          <column name="tStatCatcher Statistics" value="false"/>
          <column name="Help" value="org.talend.help.tFileOutputDelimited"/>
          <column name="Update components" value="true"/>
          <column name="IREPORT_PATH" value=""/>
          <column name="JAVA_LIBRARY_PATH" value="D:\11ABD\Leandro Mendes\TOS_BD-20200219_1130-V7.3.1\configuration\lib\java"/>
          <column name="Subjob color" value=""/>
          <column name="Title color" value=""/>
          <column name="Property Type" value="Built-In"/>
          <column name="Use Output Stream" value="false"/>
          <column name="Output Stream" value="outputStream"/>
          <column name="File Name" value="&quot;D:/DATA_OPS_PROJETO/HARMONIZED/STG_CLIENTES.CSV&quot;"/>
          <column name="Row Separator" value="&quot;\n&quot;"/>
          <column name="Use OS line separator as row separator when CSV Row Separator is set to CR,LF or CRLF." value="true"/>
          <column name="CSV Row Separator" value="&quot;\n&quot;"/>
          <column name="Field Separator" value="&quot;;&quot;"/>
          <column name="Append" value="false"/>
          <column name="Include Header" value="true"/>
          <column name="Compress as zip file" value="false"/>
          <column name="REPOSITORY_ALLOW_AUTO_SWITCH" value="true"/>
          <column name="Schema" value="repository: DELIM:CLIENTE - metadata"/>
          <column name="Advanced separator (for numbers)" value="false"/>
          <column name="Thousands separator" value="&quot;,&quot;"/>
          <column name="Decimal separator" value="&quot;.&quot;"/>
          <column name="CSV options" value="true"/>
          <column name="Escape char" value="&quot;&quot;&quot;"/>
          <column name="Text enclosure" value="&quot;&quot;&quot;"/>
          <column name="Create directory if does not exist" value="true"/>
          <column name="Split output in several files" value="false"/>
          <column name="Rows in each output file" value="1000"/>
          <column name="Custom the flush buffer size" value="false"/>
          <column name="Row number" value="1"/>
          <column name="Output in row mode" value="false"/>
          <column name="Encoding" value="&quot;UTF-8&quot;"/>
          <column name="Don't generate empty file" value="false"/>
          <column name="Throw an error if the file already exist" value="false"/>
          <column name="Min column number of optimize code" value="90"/>
          <column name="Label format" value="STG_CLIENTES"/>
          <column name="Hint format" value="&lt;b&gt;__UNIQUE_NAME__&lt;/b&gt;&lt;br&gt;__COMMENT__"/>
          <column name="Connection format" value="row"/>
          <column name="Show Information" value="false"/>
          <column name="Comment" value=""/>
          <column name="Use an existing validation rule" value="false"/>
          <column name="Validation Rule Type" value=""/>
        </parameters>
        <schemas>
          <schema name="metadata">
            <column name="CustomerID" key="false" type="Integer" length="2" precision="" nullable="true" comment=""/>
            <column name="Title" key="false" type="String" length="3" precision="" nullable="true" comment=""/>
            <column name="Suffix" key="false" type="String" length="3" precision="" nullable="true" comment=""/>
            <column name="CompanyName" key="false" type="String" length="34" precision="" nullable="true" comment=""/>
            <column name="SalesPerson" key="false" type="String" length="24" precision="" nullable="true" comment=""/>
            <column name="EmailAddress" key="false" type="String" length="32" precision="" nullable="true" comment=""/>
            <column name="PasswordHash" key="false" type="String" length="44" precision="" nullable="true" comment=""/>
            <column name="PasswordSalt" key="false" type="String" length="8" precision="" nullable="true" comment=""/>
            <column name="rowguid" key="false" type="String" length="36" precision="" nullable="true" comment=""/>
            <column name="ModifiedDate" key="false" type="java.util.Date" length="10" precision="" nullable="true" comment=""/>
          </schema>
        </schemas>
      </component>
      <component icon="pictures/tFileOutputDelimited_2.png" uniqueName="tFileOutputDelimited_2" label="STG_PRODUTOS">
        <input link="tFileInputDelimited_2">tFileInputDelimited_2</input>
        <output>none</output>
        <componentType>tFileOutputDelimited</componentType>
        <parameters>
          <column name="Unique Name" value="tFileOutputDelimited_2"/>
          <column name="Component Name" value="tFileOutputDelimited"/>
          <column name="Version" value="0.101 (ALPHA)"/>
          <column name="Family" value="File/Output"/>
          <column name="Startable" value="false"/>
          <column name="SUBTREE_START" value="false"/>
          <column name="END_OF_FLOW" value="true"/>
          <column name="Activate" value="true"/>
          <column name="DUMMY" value="false"/>
          <column name="tStatCatcher Statistics" value="false"/>
          <column name="Help" value="org.talend.help.tFileOutputDelimited"/>
          <column name="Update components" value="true"/>
          <column name="IREPORT_PATH" value=""/>
          <column name="JAVA_LIBRARY_PATH" value="D:\11ABD\Leandro Mendes\TOS_BD-20200219_1130-V7.3.1\configuration\lib\java"/>
          <column name="Subjob color" value=""/>
          <column name="Title color" value=""/>
          <column name="Property Type" value="Built-In"/>
          <column name="Use Output Stream" value="false"/>
          <column name="Output Stream" value="outputStream"/>
          <column name="File Name" value="&quot;D:/DATA_OPS_PROJETO/HARMONIZED/STG_PRODUTOS.CSV&quot;"/>
          <column name="Row Separator" value="&quot;\n&quot;"/>
          <column name="Use OS line separator as row separator when CSV Row Separator is set to CR,LF or CRLF." value="true"/>
          <column name="CSV Row Separator" value="&quot;\n&quot;"/>
          <column name="Field Separator" value="&quot;;&quot;"/>
          <column name="Append" value="false"/>
          <column name="Include Header" value="true"/>
          <column name="Compress as zip file" value="false"/>
          <column name="REPOSITORY_ALLOW_AUTO_SWITCH" value="true"/>
          <column name="Schema" value="Built-In"/>
          <column name="Advanced separator (for numbers)" value="false"/>
          <column name="Thousands separator" value="&quot;,&quot;"/>
          <column name="Decimal separator" value="&quot;.&quot;"/>
          <column name="CSV options" value="false"/>
          <column name="Escape char" value="&quot;&quot;&quot;"/>
          <column name="Text enclosure" value="&quot;&quot;&quot;"/>
          <column name="Create directory if does not exist" value="true"/>
          <column name="Split output in several files" value="false"/>
          <column name="Rows in each output file" value="1000"/>
          <column name="Custom the flush buffer size" value="false"/>
          <column name="Row number" value="1"/>
          <column name="Output in row mode" value="false"/>
          <column name="Encoding" value="&quot;US-ASCII&quot;"/>
          <column name="Don't generate empty file" value="false"/>
          <column name="Throw an error if the file already exist" value="false"/>
          <column name="Min column number of optimize code" value="90"/>
          <column name="Label format" value="STG_PRODUTOS"/>
          <column name="Hint format" value="&lt;b&gt;__UNIQUE_NAME__&lt;/b&gt;&lt;br&gt;__COMMENT__"/>
          <column name="Connection format" value="row"/>
          <column name="Show Information" value="false"/>
          <column name="Comment" value=""/>
          <column name="Use an existing validation rule" value="false"/>
          <column name="Validation Rule Type" value=""/>
        </parameters>
        <schemas>
          <schema name="metadata">
            <column name="ProductID" key="false" type="Integer" length="3" precision="" nullable="true" comment=""/>
            <column name="Name" key="false" type="String" length="30" precision="" nullable="true" comment=""/>
            <column name="ProductNumber" key="false" type="String" length="10" precision="" nullable="true" comment=""/>
            <column name="Color" key="false" type="String" length="6" precision="" nullable="true" comment=""/>
            <column name="StandardCost" key="false" type="Float" length="9" precision="5" nullable="true" comment=""/>
            <column name="ListPrice" key="false" type="Float" length="9" precision="5" nullable="true" comment=""/>
            <column name="Size" key="false" type="String" length="2" precision="" nullable="true" comment=""/>
            <column name="Weight" key="false" type="String" length="7" precision="" nullable="true" comment=""/>
            <column name="ProductCategoryID" key="false" type="Integer" length="2" precision="" nullable="true" comment=""/>
            <column name="ProductModelID" key="false" type="Integer" length="2" precision="" nullable="true" comment=""/>
            <column name="SellStartDate" key="false" type="String" length="28" precision="" nullable="true" comment=""/>
            <column name="SellEndDate" key="false" type="String" length="28" precision="" nullable="true" comment=""/>
            <column name="DiscontinuedDate" key="false" type="String" length="" precision="" nullable="true" comment=""/>
            <column name="ThumbNailPhoto" key="false" type="String" length="43" precision="" nullable="true" comment=""/>
            <column name="ThumbnailPhotoFileName" key="false" type="String" length="28" precision="" nullable="true" comment=""/>
            <column name="rowguid" key="false" type="String" length="36" precision="" nullable="true" comment=""/>
            <column name="ModifiedDate" key="false" type="String" length="28" precision="" nullable="true" comment=""/>
          </schema>
        </schemas>
      </component>
      <component icon="pictures/tFileOutputDelimited_3.png" uniqueName="tFileOutputDelimited_3" label="STG_VENDAS">
        <input link="tFileInputDelimited_3">tFileInputDelimited_3</input>
        <output>none</output>
        <componentType>tFileOutputDelimited</componentType>
        <parameters>
          <column name="Unique Name" value="tFileOutputDelimited_3"/>
          <column name="Component Name" value="tFileOutputDelimited"/>
          <column name="Version" value="0.101 (ALPHA)"/>
          <column name="Family" value="File/Output"/>
          <column name="Startable" value="false"/>
          <column name="SUBTREE_START" value="false"/>
          <column name="END_OF_FLOW" value="true"/>
          <column name="Activate" value="true"/>
          <column name="DUMMY" value="false"/>
          <column name="tStatCatcher Statistics" value="false"/>
          <column name="Help" value="org.talend.help.tFileOutputDelimited"/>
          <column name="Update components" value="true"/>
          <column name="IREPORT_PATH" value=""/>
          <column name="JAVA_LIBRARY_PATH" value="D:\11ABD\Leandro Mendes\TOS_BD-20200219_1130-V7.3.1\configuration\lib\java"/>
          <column name="Subjob color" value=""/>
          <column name="Title color" value=""/>
          <column name="Property Type" value="Built-In"/>
          <column name="Use Output Stream" value="false"/>
          <column name="Output Stream" value="outputStream"/>
          <column name="File Name" value="&quot;D:/DATA_OPS_PROJETO/HARMONIZED/STG_VENDAS.CSV&quot;"/>
          <column name="Row Separator" value="&quot;\n&quot;"/>
          <column name="Use OS line separator as row separator when CSV Row Separator is set to CR,LF or CRLF." value="true"/>
          <column name="CSV Row Separator" value="&quot;\n&quot;"/>
          <column name="Field Separator" value="&quot;;&quot;"/>
          <column name="Append" value="false"/>
          <column name="Include Header" value="true"/>
          <column name="Compress as zip file" value="false"/>
          <column name="REPOSITORY_ALLOW_AUTO_SWITCH" value="true"/>
          <column name="Schema" value="Built-In"/>
          <column name="Advanced separator (for numbers)" value="false"/>
          <column name="Thousands separator" value="&quot;,&quot;"/>
          <column name="Decimal separator" value="&quot;.&quot;"/>
          <column name="CSV options" value="true"/>
          <column name="Escape char" value="&quot;&quot;&quot;"/>
          <column name="Text enclosure" value="&quot;&quot;&quot;"/>
          <column name="Create directory if does not exist" value="true"/>
          <column name="Split output in several files" value="false"/>
          <column name="Rows in each output file" value="1000"/>
          <column name="Custom the flush buffer size" value="false"/>
          <column name="Row number" value="1"/>
          <column name="Output in row mode" value="false"/>
          <column name="Encoding" value="&quot;US-ASCII&quot;"/>
          <column name="Don't generate empty file" value="false"/>
          <column name="Throw an error if the file already exist" value="false"/>
          <column name="Min column number of optimize code" value="90"/>
          <column name="Label format" value="STG_VENDAS"/>
          <column name="Hint format" value="&lt;b&gt;__UNIQUE_NAME__&lt;/b&gt;&lt;br&gt;__COMMENT__"/>
          <column name="Connection format" value="row"/>
          <column name="Show Information" value="false"/>
          <column name="Comment" value=""/>
          <column name="Use an existing validation rule" value="false"/>
          <column name="Validation Rule Type" value=""/>
        </parameters>
        <schemas>
          <schema name="VENDAS">
            <column name="SalesOrderID" key="false" type="Integer" length="5" precision="" nullable="true" comment=""/>
            <column name="RevisionNumber" key="false" type="Integer" length="1" precision="" nullable="true" comment=""/>
            <column name="OrderDate" key="false" type="java.util.Date" length="28" precision="" nullable="true" comment=""/>
            <column name="DueDate" key="false" type="String" length="28" precision="" nullable="true" comment=""/>
            <column name="OnlineOrderFlag" key="false" type="Boolean" length="5" precision="" nullable="true" comment=""/>
            <column name="ShipDate" key="false" type="String" length="28" precision="" nullable="true" comment=""/>
            <column name="Status" key="false" type="Integer" length="1" precision="" nullable="true" comment=""/>
            <column name="SalesOrderNumber" key="false" type="String" length="7" precision="" nullable="true" comment=""/>
            <column name="CustomerID" key="false" type="Integer" length="5" precision="" nullable="true" comment=""/>
            <column name="ShipToAddressID" key="false" type="Integer" length="4" precision="" nullable="true" comment=""/>
            <column name="BillToAddressID" key="false" type="Integer" length="4" precision="" nullable="true" comment=""/>
            <column name="ShipMethod" key="false" type="String" length="17" precision="" nullable="true" comment=""/>
            <column name="CreditCardApprovalCode" key="false" type="String" length="" precision="" nullable="true" comment=""/>
            <column name="SubTotal" key="false" type="Float" length="11" precision="9" nullable="true" comment=""/>
            <column name="TaxAmt" key="false" type="Float" length="9" precision="8" nullable="true" comment=""/>
            <column name="Freight" key="false" type="Float" length="9" precision="8" nullable="true" comment=""/>
            <column name="TotalDue" key="false" type="Float" length="11" precision="9" nullable="true" comment=""/>
            <column name="Comment" key="false" type="String" length="" precision="" nullable="true" comment=""/>
            <column name="rowguid" key="false" type="String" length="36" precision="" nullable="true" comment=""/>
            <column name="ModifiedDate" key="false" type="String" length="28" precision="" nullable="true" comment=""/>
          </schema>
        </schemas>
      </component>
      <component icon="pictures/tFileOutputDelimited_4.png" uniqueName="tFileOutputDelimited_4" label="STG_VENDAS_DETALHE">
        <input link="tFileInputDelimited_4">tFileInputDelimited_4</input>
        <output>none</output>
        <componentType>tFileOutputDelimited</componentType>
        <parameters>
          <column name="Unique Name" value="tFileOutputDelimited_4"/>
          <column name="Component Name" value="tFileOutputDelimited"/>
          <column name="Version" value="0.101 (ALPHA)"/>
          <column name="Family" value="File/Output"/>
          <column name="Startable" value="false"/>
          <column name="SUBTREE_START" value="false"/>
          <column name="END_OF_FLOW" value="true"/>
          <column name="Activate" value="true"/>
          <column name="DUMMY" value="false"/>
          <column name="tStatCatcher Statistics" value="false"/>
          <column name="Help" value="org.talend.help.tFileOutputDelimited"/>
          <column name="Update components" value="true"/>
          <column name="IREPORT_PATH" value=""/>
          <column name="JAVA_LIBRARY_PATH" value="D:\11ABD\Leandro Mendes\TOS_BD-20200219_1130-V7.3.1\configuration\lib\java"/>
          <column name="Subjob color" value=""/>
          <column name="Title color" value=""/>
          <column name="Property Type" value="Built-In"/>
          <column name="Use Output Stream" value="false"/>
          <column name="Output Stream" value="outputStream"/>
          <column name="File Name" value="&quot;D:/DATA_OPS_PROJETO/HARMONIZED/STG_VENDAS_DETALHE.CSV&quot;"/>
          <column name="Row Separator" value="&quot;\n&quot;"/>
          <column name="Use OS line separator as row separator when CSV Row Separator is set to CR,LF or CRLF." value="true"/>
          <column name="CSV Row Separator" value="&quot;\n&quot;"/>
          <column name="Field Separator" value="&quot;;&quot;"/>
          <column name="Append" value="false"/>
          <column name="Include Header" value="true"/>
          <column name="Compress as zip file" value="false"/>
          <column name="REPOSITORY_ALLOW_AUTO_SWITCH" value="true"/>
          <column name="Schema" value="repository: DELIM:VENDAS_DETALHE - metadata"/>
          <column name="Advanced separator (for numbers)" value="false"/>
          <column name="Thousands separator" value="&quot;,&quot;"/>
          <column name="Decimal separator" value="&quot;.&quot;"/>
          <column name="CSV options" value="false"/>
          <column name="Escape char" value="&quot;&quot;&quot;"/>
          <column name="Text enclosure" value="&quot;&quot;&quot;"/>
          <column name="Create directory if does not exist" value="true"/>
          <column name="Split output in several files" value="false"/>
          <column name="Rows in each output file" value="1000"/>
          <column name="Custom the flush buffer size" value="false"/>
          <column name="Row number" value="1"/>
          <column name="Output in row mode" value="false"/>
          <column name="Encoding" value="&quot;US-ASCII&quot;"/>
          <column name="Don't generate empty file" value="false"/>
          <column name="Throw an error if the file already exist" value="false"/>
          <column name="Min column number of optimize code" value="90"/>
          <column name="Label format" value="STG_VENDAS_DETALHE"/>
          <column name="Hint format" value="&lt;b&gt;__UNIQUE_NAME__&lt;/b&gt;&lt;br&gt;__COMMENT__"/>
          <column name="Connection format" value="row"/>
          <column name="Show Information" value="false"/>
          <column name="Comment" value=""/>
          <column name="Use an existing validation rule" value="false"/>
          <column name="Validation Rule Type" value=""/>
        </parameters>
        <schemas>
          <schema name="metadata">
            <column name="SalesOrderID" key="false" type="Integer" length="5" precision="" nullable="true" comment=""/>
            <column name="SalesOrderDetailID" key="false" type="Integer" length="6" precision="" nullable="true" comment=""/>
            <column name="OrderQty" key="false" type="Integer" length="2" precision="" nullable="true" comment=""/>
            <column name="ProductID" key="false" type="Integer" length="3" precision="" nullable="true" comment=""/>
            <column name="UnitPrice" key="false" type="Float" length="9" precision="5" nullable="true" comment=""/>
            <column name="UnitPriceDiscount" key="false" type="Float" length="6" precision="5" nullable="true" comment=""/>
            <column name="LineTotal" key="false" type="Float" length="11" precision="7" nullable="true" comment=""/>
            <column name="rowguid" key="false" type="String" length="36" precision="" nullable="true" comment=""/>
            <column name="ModifiedDate" key="false" type="java.util.Date" length="10" precision="" nullable="true" comment=""/>
          </schema>
        </schemas>
      </component>
      <component icon="pictures/tFileOutputDelimited_5.png" uniqueName="tFileOutputDelimited_5" label="STG_VENDEDOR">
        <input link="tFilterColumns_1">tFilterColumns_1</input>
        <output>none</output>
        <componentType>tFileOutputDelimited</componentType>
        <parameters>
          <column name="Unique Name" value="tFileOutputDelimited_5"/>
          <column name="Component Name" value="tFileOutputDelimited"/>
          <column name="Version" value="0.101 (ALPHA)"/>
          <column name="Family" value="File/Output"/>
          <column name="Startable" value="false"/>
          <column name="SUBTREE_START" value="false"/>
          <column name="END_OF_FLOW" value="true"/>
          <column name="Activate" value="true"/>
          <column name="DUMMY" value="false"/>
          <column name="tStatCatcher Statistics" value="false"/>
          <column name="Help" value="org.talend.help.tFileOutputDelimited"/>
          <column name="Update components" value="true"/>
          <column name="IREPORT_PATH" value=""/>
          <column name="JAVA_LIBRARY_PATH" value="D:\11ABD\Leandro Mendes\TOS_BD-20200219_1130-V7.3.1\configuration\lib\java"/>
          <column name="Subjob color" value=""/>
          <column name="Title color" value=""/>
          <column name="Property Type" value="Built-In"/>
          <column name="Use Output Stream" value="false"/>
          <column name="Output Stream" value="outputStream"/>
          <column name="File Name" value="&quot;D:/DATA_OPS_PROJETO/HARMONIZED/STG_VENDEDOR.CSV&quot;"/>
          <column name="Row Separator" value="&quot;\n&quot;"/>
          <column name="Use OS line separator as row separator when CSV Row Separator is set to CR,LF or CRLF." value="true"/>
          <column name="CSV Row Separator" value="&quot;\n&quot;"/>
          <column name="Field Separator" value="&quot;;&quot;"/>
          <column name="Append" value="false"/>
          <column name="Include Header" value="true"/>
          <column name="Compress as zip file" value="false"/>
          <column name="REPOSITORY_ALLOW_AUTO_SWITCH" value="true"/>
          <column name="Schema" value="repository: DELIM:VENDEDOR - VENDEDOR"/>
          <column name="Advanced separator (for numbers)" value="false"/>
          <column name="Thousands separator" value="&quot;,&quot;"/>
          <column name="Decimal separator" value="&quot;.&quot;"/>
          <column name="CSV options" value="false"/>
          <column name="Escape char" value="&quot;&quot;&quot;"/>
          <column name="Text enclosure" value="&quot;&quot;&quot;"/>
          <column name="Create directory if does not exist" value="true"/>
          <column name="Split output in several files" value="false"/>
          <column name="Rows in each output file" value="1000"/>
          <column name="Custom the flush buffer size" value="false"/>
          <column name="Row number" value="1"/>
          <column name="Output in row mode" value="false"/>
          <column name="Encoding" value="&quot;UTF-8&quot;"/>
          <column name="Don't generate empty file" value="false"/>
          <column name="Throw an error if the file already exist" value="false"/>
          <column name="Min column number of optimize code" value="90"/>
          <column name="Label format" value="STG_VENDEDOR"/>
          <column name="Hint format" value="&lt;b&gt;__UNIQUE_NAME__&lt;/b&gt;&lt;br&gt;__COMMENT__"/>
          <column name="Connection format" value="row"/>
          <column name="Show Information" value="false"/>
          <column name="Comment" value=""/>
          <column name="Use an existing validation rule" value="false"/>
          <column name="Validation Rule Type" value=""/>
        </parameters>
        <schemas>
          <schema name="VENDEDOR">
            <column name="CustomerID" key="false" type="Integer" length="2" precision="" nullable="true" comment=""/>
            <column name="SalesPerson" key="false" type="String" length="24" precision="" nullable="true" comment=""/>
            <column name="rowguid" key="false" type="String" length="36" precision="" nullable="true" comment=""/>
            <column name="ModifiedDate" key="false" type="java.util.Date" length="10" precision="" nullable="true" comment=""/>
          </schema>
        </schemas>
      </component>
      <component icon="pictures/tFileOutputDelimited_6.png" uniqueName="tFileOutputDelimited_6" label="STG_ENDERECO">
        <input link="tFileInputDelimited_6">tFileInputDelimited_6</input>
        <output>none</output>
        <componentType>tFileOutputDelimited</componentType>
        <parameters>
          <column name="Unique Name" value="tFileOutputDelimited_6"/>
          <column name="Component Name" value="tFileOutputDelimited"/>
          <column name="Version" value="0.101 (ALPHA)"/>
          <column name="Family" value="File/Output"/>
          <column name="Startable" value="false"/>
          <column name="SUBTREE_START" value="false"/>
          <column name="END_OF_FLOW" value="true"/>
          <column name="Activate" value="true"/>
          <column name="DUMMY" value="false"/>
          <column name="tStatCatcher Statistics" value="false"/>
          <column name="Help" value="org.talend.help.tFileOutputDelimited"/>
          <column name="Update components" value="true"/>
          <column name="IREPORT_PATH" value=""/>
          <column name="JAVA_LIBRARY_PATH" value="D:\11ABD\Leandro Mendes\TOS_BD-20200219_1130-V7.3.1\configuration\lib\java"/>
          <column name="Subjob color" value=""/>
          <column name="Title color" value=""/>
          <column name="Property Type" value="Built-In"/>
          <column name="Use Output Stream" value="false"/>
          <column name="Output Stream" value="outputStream"/>
          <column name="File Name" value="&quot;D:/DATA_OPS_PROJETO/HARMONIZED/STG_ENDERECO.CSV&quot;"/>
          <column name="Row Separator" value="&quot;\n&quot;"/>
          <column name="Use OS line separator as row separator when CSV Row Separator is set to CR,LF or CRLF." value="true"/>
          <column name="CSV Row Separator" value="&quot;\n&quot;"/>
          <column name="Field Separator" value="&quot;;&quot;"/>
          <column name="Append" value="false"/>
          <column name="Include Header" value="true"/>
          <column name="Compress as zip file" value="false"/>
          <column name="REPOSITORY_ALLOW_AUTO_SWITCH" value="true"/>
          <column name="Schema" value="repository: DELIM:STG_ENDERECO - metadata"/>
          <column name="Advanced separator (for numbers)" value="false"/>
          <column name="Thousands separator" value="&quot;,&quot;"/>
          <column name="Decimal separator" value="&quot;.&quot;"/>
          <column name="CSV options" value="true"/>
          <column name="Escape char" value="&quot;&quot;&quot;"/>
          <column name="Text enclosure" value="&quot;&quot;&quot;"/>
          <column name="Create directory if does not exist" value="true"/>
          <column name="Split output in several files" value="false"/>
          <column name="Rows in each output file" value="1000"/>
          <column name="Custom the flush buffer size" value="false"/>
          <column name="Row number" value="1"/>
          <column name="Output in row mode" value="false"/>
          <column name="Encoding" value="&quot;US-ASCII&quot;"/>
          <column name="Don't generate empty file" value="false"/>
          <column name="Throw an error if the file already exist" value="false"/>
          <column name="Min column number of optimize code" value="90"/>
          <column name="Label format" value="STG_ENDERECO"/>
          <column name="Hint format" value="&lt;b&gt;__UNIQUE_NAME__&lt;/b&gt;&lt;br&gt;__COMMENT__"/>
          <column name="Connection format" value="row"/>
          <column name="Show Information" value="false"/>
          <column name="Comment" value=""/>
          <column name="Use an existing validation rule" value="false"/>
          <column name="Validation Rule Type" value=""/>
        </parameters>
        <schemas>
          <schema name="metadata">
            <column name="AddressID" key="false" type="Integer" length="3" precision="" nullable="true" comment=""/>
            <column name="AddressLine1" key="false" type="String" length="32" precision="" nullable="true" comment=""/>
            <column name="AddressLine2" key="false" type="String" length="" precision="" nullable="true" comment=""/>
            <column name="City" key="false" type="String" length="11" precision="" nullable="true" comment=""/>
            <column name="PostalCode" key="false" type="String" length="7" precision="" nullable="true" comment=""/>
            <column name="CountryRegion" key="false" type="String" length="13" precision="" nullable="true" comment=""/>
            <column name="rowguid" key="false" type="String" length="36" precision="" nullable="true" comment=""/>
            <column name="ModifiedDate" key="false" type="String" length="29" precision="" nullable="true" comment=""/>
          </schema>
        </schemas>
      </component>
      <component icon="pictures/tFileOutputDelimited_7.png" uniqueName="tFileOutputDelimited_7" label="STG_LOJAS">
        <input link="tFilterColumns_2">tFilterColumns_2</input>
        <output>none</output>
        <componentType>tFileOutputDelimited</componentType>
        <parameters>
          <column name="Unique Name" value="tFileOutputDelimited_7"/>
          <column name="Component Name" value="tFileOutputDelimited"/>
          <column name="Version" value="0.101 (ALPHA)"/>
          <column name="Family" value="File/Output"/>
          <column name="Startable" value="false"/>
          <column name="SUBTREE_START" value="false"/>
          <column name="END_OF_FLOW" value="true"/>
          <column name="Activate" value="true"/>
          <column name="DUMMY" value="false"/>
          <column name="tStatCatcher Statistics" value="false"/>
          <column name="Help" value="org.talend.help.tFileOutputDelimited"/>
          <column name="Update components" value="true"/>
          <column name="IREPORT_PATH" value=""/>
          <column name="JAVA_LIBRARY_PATH" value="D:\11ABD\Leandro Mendes\TOS_BD-20200219_1130-V7.3.1\configuration\lib\java"/>
          <column name="Subjob color" value=""/>
          <column name="Title color" value=""/>
          <column name="Property Type" value="Built-In"/>
          <column name="Use Output Stream" value="false"/>
          <column name="Output Stream" value="outputStream"/>
          <column name="File Name" value="&quot;D:/DATA_OPS_PROJETO/HARMONIZED/STG_LOJA.CSV&quot;"/>
          <column name="Row Separator" value="&quot;\n&quot;"/>
          <column name="Use OS line separator as row separator when CSV Row Separator is set to CR,LF or CRLF." value="true"/>
          <column name="CSV Row Separator" value="&quot;\n&quot;"/>
          <column name="Field Separator" value="&quot;;&quot;"/>
          <column name="Append" value="false"/>
          <column name="Include Header" value="true"/>
          <column name="Compress as zip file" value="false"/>
          <column name="REPOSITORY_ALLOW_AUTO_SWITCH" value="true"/>
          <column name="Schema" value="Built-In"/>
          <column name="Advanced separator (for numbers)" value="false"/>
          <column name="Thousands separator" value="&quot;,&quot;"/>
          <column name="Decimal separator" value="&quot;.&quot;"/>
          <column name="CSV options" value="false"/>
          <column name="Escape char" value="&quot;&quot;&quot;"/>
          <column name="Text enclosure" value="&quot;&quot;&quot;"/>
          <column name="Create directory if does not exist" value="true"/>
          <column name="Split output in several files" value="false"/>
          <column name="Rows in each output file" value="1000"/>
          <column name="Custom the flush buffer size" value="false"/>
          <column name="Row number" value="1"/>
          <column name="Output in row mode" value="false"/>
          <column name="Encoding" value="&quot;ISO-8859-15&quot;"/>
          <column name="Don't generate empty file" value="false"/>
          <column name="Throw an error if the file already exist" value="false"/>
          <column name="Min column number of optimize code" value="90"/>
          <column name="Label format" value="STG_LOJAS"/>
          <column name="Hint format" value="&lt;b&gt;__UNIQUE_NAME__&lt;/b&gt;&lt;br&gt;__COMMENT__"/>
          <column name="Connection format" value="row"/>
          <column name="Show Information" value="false"/>
          <column name="Comment" value=""/>
          <column name="Use an existing validation rule" value="false"/>
          <column name="Validation Rule Type" value=""/>
        </parameters>
        <schemas>
          <schema name="tFileOutputDelimited_7">
            <column name="CustomerID" key="false" type="Integer" length="2" precision="" nullable="true" comment=""/>
            <column name="CompanyName" key="false" type="String" length="34" precision="" nullable="true" comment=""/>
          </schema>
        </schemas>
      </component>
      <component icon="pictures/tFilterColumns_1.png" uniqueName="tFilterColumns_1" label="__UNIQUE_NAME__">
        <input link="tFileInputDelimited_5">tFileInputDelimited_5</input>
        <output link="tFileOutputDelimited_5">tFileOutputDelimited_5</output>
        <componentType>tFilterColumns</componentType>
        <parameters>
          <column name="Unique Name" value="tFilterColumns_1"/>
          <column name="Component Name" value="tFilterColumns"/>
          <column name="Version" value="0.101 (ALPHA)"/>
          <column name="Family" value="Processing"/>
          <column name="Startable" value="false"/>
          <column name="SUBTREE_START" value="false"/>
          <column name="END_OF_FLOW" value="false"/>
          <column name="Activate" value="true"/>
          <column name="DUMMY" value="false"/>
          <column name="tStatCatcher Statistics" value="false"/>
          <column name="Help" value="org.talend.help.tFilterColumns"/>
          <column name="Update components" value="true"/>
          <column name="IREPORT_PATH" value=""/>
          <column name="JAVA_LIBRARY_PATH" value="D:\11ABD\Leandro Mendes\TOS_BD-20200219_1130-V7.3.1\configuration\lib\java"/>
          <column name="Subjob color" value=""/>
          <column name="Title color" value=""/>
          <column name="REPOSITORY_ALLOW_AUTO_SWITCH" value="true"/>
          <column name="Schema" value="Built-In"/>
          <column name="Label format" value="__UNIQUE_NAME__"/>
          <column name="Hint format" value="&lt;b&gt;__UNIQUE_NAME__&lt;/b&gt;&lt;br&gt;__COMMENT__"/>
          <column name="Connection format" value="row"/>
          <column name="Show Information" value="false"/>
          <column name="Comment" value=""/>
          <column name="Use an existing validation rule" value="false"/>
          <column name="Validation Rule Type" value=""/>
        </parameters>
        <schemas>
          <schema name="tFilterColumns_1">
            <column name="CustomerID" key="false" type="Integer" length="2" precision="" nullable="true" comment=""/>
            <column name="SalesPerson" key="false" type="String" length="24" precision="" nullable="true" comment=""/>
            <column name="rowguid" key="false" type="String" length="36" precision="" nullable="true" comment=""/>
            <column name="ModifiedDate" key="false" type="java.util.Date" length="10" precision="" nullable="true" comment=""/>
          </schema>
        </schemas>
      </component>
      <component icon="pictures/tFilterColumns_2.png" uniqueName="tFilterColumns_2" label="__UNIQUE_NAME__">
        <input link="tFileInputDelimited_7">tFileInputDelimited_7</input>
        <output link="tFileOutputDelimited_7">tFileOutputDelimited_7</output>
        <componentType>tFilterColumns</componentType>
        <parameters>
          <column name="Unique Name" value="tFilterColumns_2"/>
          <column name="Component Name" value="tFilterColumns"/>
          <column name="Version" value="0.101 (ALPHA)"/>
          <column name="Family" value="Processing"/>
          <column name="Startable" value="false"/>
          <column name="SUBTREE_START" value="false"/>
          <column name="END_OF_FLOW" value="false"/>
          <column name="Activate" value="true"/>
          <column name="DUMMY" value="false"/>
          <column name="tStatCatcher Statistics" value="false"/>
          <column name="Help" value="org.talend.help.tFilterColumns"/>
          <column name="Update components" value="true"/>
          <column name="IREPORT_PATH" value=""/>
          <column name="JAVA_LIBRARY_PATH" value="D:\11ABD\Leandro Mendes\TOS_BD-20200219_1130-V7.3.1\configuration\lib\java"/>
          <column name="Subjob color" value=""/>
          <column name="Title color" value=""/>
          <column name="REPOSITORY_ALLOW_AUTO_SWITCH" value="true"/>
          <column name="Schema" value="Built-In"/>
          <column name="Label format" value="__UNIQUE_NAME__"/>
          <column name="Hint format" value="&lt;b&gt;__UNIQUE_NAME__&lt;/b&gt;&lt;br&gt;__COMMENT__"/>
          <column name="Connection format" value="row"/>
          <column name="Show Information" value="false"/>
          <column name="Comment" value=""/>
          <column name="Use an existing validation rule" value="false"/>
          <column name="Validation Rule Type" value=""/>
        </parameters>
        <schemas>
          <schema name="tFilterColumns_2">
            <column name="CustomerID" key="false" type="Integer" length="2" precision="" nullable="true" comment=""/>
            <column name="CompanyName" key="false" type="String" length="34" precision="" nullable="true" comment=""/>
          </schema>
        </schemas>
      </component>
    </internalNodeComponents>
    <externalNodeComponents/>
    <connections>
      <connection label="row1" lineStyle="0" metaname="tFileInputDelimited_1" offsetLabelX="0" offsetLabelY="0" source="tFileInputDelimited_1" target="tFileOutputDelimited_1"/>
      <connection label="row2" lineStyle="0" metaname="tFileInputDelimited_2" offsetLabelX="0" offsetLabelY="0" source="tFileInputDelimited_2" target="tFileOutputDelimited_2"/>
      <connection label="row3" lineStyle="0" metaname="tFileInputDelimited_3" offsetLabelX="0" offsetLabelY="0" source="tFileInputDelimited_3" target="tFileOutputDelimited_3"/>
      <connection label="row4" lineStyle="0" metaname="tFileInputDelimited_4" offsetLabelX="0" offsetLabelY="0" source="tFileInputDelimited_4" target="tFileOutputDelimited_4"/>
      <connection label="row5" lineStyle="0" metaname="tFileInputDelimited_5" offsetLabelX="0" offsetLabelY="0" source="tFileInputDelimited_5" target="tFilterColumns_1"/>
      <connection label="row6" lineStyle="0" metaname="tFilterColumns_1" offsetLabelX="0" offsetLabelY="0" source="tFilterColumns_1" target="tFileOutputDelimited_5"/>
      <connection label="row7" lineStyle="0" metaname="tFileInputDelimited_6" offsetLabelX="0" offsetLabelY="0" source="tFileInputDelimited_6" target="tFileOutputDelimited_6"/>
      <connection label="row8" lineStyle="0" metaname="tFileInputDelimited_7" offsetLabelX="0" offsetLabelY="0" source="tFileInputDelimited_7" target="tFilterColumns_2"/>
      <connection label="row9" lineStyle="0" metaname="tFilterColumns_2" offsetLabelX="0" offsetLabelY="0" source="tFilterColumns_2" target="tFileOutputDelimited_7"/>
    </connections>
  </job>
</project>
